name,url,E,I,N,S,T,F,P,J
E_image_1,https://img1.daumcdn.net/thumb/R1280x0/?scode=mtistory2&fname=https%3A%2F%2Fblog.kakaocdn.net%2Fdn%2FbC2SFI%2FbtrU01JMiNt%2FIhqgkM5a63YsR5CR7xZ021%2Fimg.png,1,0,0,0,0,0,0,0
I_image_1,https://img1.daumcdn.net/thumb/R1280x0/?scode=mtistory2&fname=https%3A%2F%2Fblog.kakaocdn.net%2Fdn%2FYVtMY%2FbtrU0urOneY%2FdUCsZJyVSE7avwQ24xutf1%2Fimg.png,0,1,0,0,0,0,0,0
E_image_2,https://img1.daumcdn.net/thumb/R1280x0/?scode=mtistory2&fname=https%3A%2F%2Fblog.kakaocdn.net%2Fdn%2FyrPEx%2FbtrUYqcgp4a%2FZKDDrRXpKPeWhbSf8ZJZ51%2Fimg.png,1,0,0,0,0,0,0,0
I_image_2,https://img1.daumcdn.net/thumb/R1280x0/?scode=mtistory2&fname=https%3A%2F%2Fblog.kakaocdn.net%2Fdn%2FUtz7u%2FbtrU0vdamPb%2FLEUWV1pb3au9JZs2BMoB3k%2Fimg.png,0,1,0,0,0,0,0,0
E_image_3,https://img1.daumcdn.net/thumb/R1280x0/?scode=mtistory2&fname=https%3A%2F%2Fblog.kakaocdn.net%2Fdn%2Fzhl6U%2FbtrU15LPxlu%2FniKJ1hcefeRb4qijEPgBw1%2Fimg.png,1,0,0,0,0,0,0,0
I_image_3,https://img1.daumcdn.net/thumb/R1280x0/?scode=mtistory2&fname=https%3A%2F%2Fblog.kakaocdn.net%2Fdn%2FFYMJO%2FbtrUXnUddSx%2F8151vS5zn87KJbYqK7Y6Uk%2Fimg.png,0,1,0,0,0,0,0,0
N_image_1,https://img1.daumcdn.net/thumb/R1280x0/?scode=mtistory2&fname=https%3A%2F%2Fblog.kakaocdn.net%2Fdn%2Fb3Aq19%2FbtrU0vxr4Gm%2FiSkISqL8tQwHiFlpjHSEv0%2Fimg.png,0,0,1,0,0,0,0,0
S_image_1,https://img1.daumcdn.net/thumb/R1280x0/?scode=mtistory2&fname=https%3A%2F%2Fblog.kakaocdn.net%2Fdn%2FEQltw%2FbtrUYQhxCDy%2FcCpVOeeLCheZ3TKBnNf7J0%2Fimg.png,0,0,0,1,0,0,0,0
N_image_2,https://img1.daumcdn.net/thumb/R1280x0/?scode=mtistory2&fname=https%3A%2F%2Fblog.kakaocdn.net%2Fdn%2FrXTkl%2FbtrU0vjWhZq%2FzYc2BMfnX89pfNJql6xQyk%2Fimg.png,0,0,1,0,0,0,0,0
S_image_2,https://img1.daumcdn.net/thumb/R1280x0/?scode=mtistory2&fname=https%3A%2F%2Fblog.kakaocdn.net%2Fdn%2FbzmTrm%2FbtrU147cKeI%2FgXtFL1aS5QFZTHbkl0ZFtk%2Fimg.png,0,0,0,1,0,0,0,0
N_image_3,https://img1.daumcdn.net/thumb/R1280x0/?scode=mtistory2&fname=https%3A%2F%2Fblog.kakaocdn.net%2Fdn%2FdevOyW%2FbtrU14e30eE%2FhVaqkyU5YDbGvxNYTTAVo0%2Fimg.png,0,0,1,0,0,0,0,0
S_image_3,https://img1.daumcdn.net/thumb/R1280x0/?scode=mtistory2&fname=https%3A%2F%2Fblog.kakaocdn.net%2Fdn%2FbWUk1N%2FbtrUYp5t1I1%2FYGnlK5UAvZddMrKL4Rx51k%2Fimg.png,0,0,0,1,0,0,0,0
T_image_1,https://img1.daumcdn.net/thumb/R1280x0/?scode=mtistory2&fname=https%3A%2F%2Fblog.kakaocdn.net%2Fdn%2F2aq4q%2FbtrUTX25cUU%2F724ET3KmP1XCnJT5icJcH1%2Fimg.png,0,0,0,0,1,0,0,0
F_image_1,https://img1.daumcdn.net/thumb/R1280x0/?scode=mtistory2&fname=https%3A%2F%2Fblog.kakaocdn.net%2Fdn%2FlTWR1%2FbtrUYQPpiaL%2FBbxjNaWn8gdXhh9JOrmC30%2Fimg.png,0,0,0,0,0,1,0,0
T_image_2,https://img1.daumcdn.net/thumb/R1280x0/?scode=mtistory2&fname=https%3A%2F%2Fblog.kakaocdn.net%2Fdn%2FdfdqaT%2FbtrU2JPnL9x%2FJdpOZQ2ETmFePIvm1N5Te1%2Fimg.png,0,0,0,0,1,0,0,0
F_image_2,https://img1.daumcdn.net/thumb/R1280x0/?scode=mtistory2&fname=https%3A%2F%2Fblog.kakaocdn.net%2Fdn%2FsqgG2%2FbtrU0uFk6vL%2FKEbYouQv3csuK4NIbOp4Z1%2Fimg.png,0,0,0,0,0,1,0,0
T_image_3,https://img1.daumcdn.net/thumb/R1280x0/?scode=mtistory2&fname=https%3A%2F%2Fblog.kakaocdn.net%2Fdn%2FbqndRt%2FbtrUWbmfbc9%2FymiYvTUfBHgbKhl6hdoDp1%2Fimg.png,0,0,0,0,1,0,0,0
F_image_3,https://img1.daumcdn.net/thumb/R1280x0/?scode=mtistory2&fname=https%3A%2F%2Fblog.kakaocdn.net%2Fdn%2FcFmaKC%2FbtrUYq4m8Qy%2F6BV2HFgNt3Xk5n7KOo2PaK%2Fimg.png,0,0,0,0,0,1,0,0
P_image_1,https://img1.daumcdn.net/thumb/R1280x0/?scode=mtistory2&fname=https%3A%2F%2Fblog.kakaocdn.net%2Fdn%2FrX8Ux%2FbtrU1OwDEIR%2FDKHKBcbjBkZ51HyB4FanM0%2Fimg.png,0,0,0,0,0,0,1,0
J_image_1,https://img1.daumcdn.net/thumb/R1280x0/?scode=mtistory2&fname=https%3A%2F%2Fblog.kakaocdn.net%2Fdn%2FmWjgM%2FbtrUVauqcbv%2FYtSKdkhbARjATqKBf8HFnK%2Fimg.png,0,0,0,0,0,0,0,1
P_image_2,https://img1.daumcdn.net/thumb/R1280x0/?scode=mtistory2&fname=https%3A%2F%2Fblog.kakaocdn.net%2Fdn%2Fcaj04C%2FbtrU2KOia02%2F8qLSW8xkTqK6RcDDj2qUM0%2Fimg.png,0,0,0,0,0,0,1,0
J_image_2,https://img1.daumcdn.net/thumb/R1280x0/?scode=mtistory2&fname=https%3A%2F%2Fblog.kakaocdn.net%2Fdn%2FMiRij%2FbtrUXpdqDyL%2F5mCWESFa7D3MuDkFzp3FY1%2Fimg.png,0,0,0,0,0,0,0,1
P_image_3,https://img1.daumcdn.net/thumb/R1280x0/?scode=mtistory2&fname=https%3A%2F%2Fblog.kakaocdn.net%2Fdn%2FcyxzzH%2FbtrUXn7K6gd%2FpomE9Wkknu6rrDauOCY5QK%2Fimg.png,0,0,0,0,0,0,1,0
J_image_3,https://img1.daumcdn.net/thumb/R1280x0/?scode=mtistory2&fname=https%3A%2F%2Fblog.kakaocdn.net%2Fdn%2F68hxY%2FbtrU2JIB00H%2FkCcmYjESrQwDUWlslgFTb0%2Fimg.png,0,0,0,0,0,0,0,1
